商品名称,苏宁商品编码,天猫商品编码,店铺编码,苏宁供应商编码,苏宁供应商名称,天猫供应商编码,天猫供应商名称,品类,品牌,一级类目,二级类目,三级类目,四级类目,访客数,浏览量,搜索商品引导访客数,加购件数,收藏人数,支付金额,支付商品件数,支付买家数,搜索引导支付买家数,客单价,访客平均价值,支付转化率,下单转化率,平均停留时长,详情页跳出率,下单支付转化率,搜索支付转化率,退款金额,退款占比
适配小米电动牙刷头MES601/602米家T300/T500/T100T302替换头1383,="12422021760",="743653117925",="store001",="10343504",(美妆)深圳希臻实业有限公司,="2214740131874",xizhen供应商,美妆,fivemore,美妆,美妆工具,面部工具,手动剃须刀,78,184,59,20,2,998.50,30,29,20,34.43,12.80,37.18%,38.46%,19.92,74.36%,96.67%,33.90%,0.00,0.00%
适配sonicare飞利浦hx2432电动牙刷头儿童4到12岁泡泡刷替换1383,="12433727250",="907297262390",="store001",="10343504",(美妆)深圳希臻实业有限公司,="2214740131874",xizhen供应商,美妆,fivemore,美妆,美妆工具,面部工具,手动剃须刀,61,116,47,26,0,668.10,19,15,10,44.54,10.95,24.59%,24.59%,21.30,81.97%,100.00%,21.28%,153.00,22.90%
适用lebooo华为智选力博得电动牙刷头优漾星钻Hilink星芒替换1383,="12413829210",="724913632503",="store001",="10343504",(美妆)深圳希臻实业有限公司,="2214740131874",xizhen供应商,美妆,fivemore,美妆,美妆工具,面部工具,手动剃须刀,188,536,112,34,3,582.20,44,40,34,14.56,3.10,21.28%,21.28%,25.82,76.06%,100.00%,30.36%,51.30,8.81%
适配飞利浦电动牙刷头HX3210A/3220A/3230A/3240A/3250A通用/1383,="12422131769",="744139855176",="store001",="10343504",(美妆)深圳希臻实业有限公司,="2214740131874",xizhen供应商,美妆,fivemore,美妆,美妆工具,面部工具,手动剃须刀,59,163,39,15,0,530.40,16,16,9,33.15,8.99,27.12%,27.12%,32.64,74.58%,100.00%,23.08%,28.90,5.45%
【苏宁臻品】适配拜尔电动牙刷头A9适用净白敏感拜耳替换头1383,="12432353725",="794362587127",="store001",="10343504",(美妆)深圳希臻实业有限公司,="2214740131874",xizhen供应商,美妆,fivemore,美妆,美妆工具,面部工具,手动剃须刀,82,217,56,41,3,475.00,34,30,18,15.83,5.79,36.59%,36.59%,15.94,70.73%,100.00%,32.14%,10.00,2.11%
【苏宁正品】适配米家小米T200/T200C电动牙刷头MES606替换头1383,="12433727255",="808730931752",="store001",="10343504",(美妆)深圳希臻实业有限公司,="2214740131874",xizhen供应商,美妆,fivemore,美妆,美妆工具,面部工具,手动剃须刀,105,304,78,31,5,471.10,39,29,20,16.24,4.49,27.62%,28.57%,16.92,69.52%,96.67%,25.64%,21.80,4.63%
适用洁碧waterpik冲牙器水牙线标准正畸喷头牙菌斑替换喷嘴1383,="12415665199",="728749312299",="store001",="10343504",(美妆)深圳希臻实业有限公司,="2214740131874",xizhen供应商,美妆,fivemore,美妆,美妆工具,面部工具,手动剃须刀,28,116,12,15,3,408.60,15,11,3,37.15,14.59,39.29%,39.29%,15.39,53.57%,100.00%,25.00%,0.00,0.00%
适配飞利浦sonicare电动牙刷头C1C2G2/hx6730/3260a/3226替换1383,="12419979922",="738797080806",="store001",="10343504",(美妆)深圳希臻实业有限公司,="2214740131874",xizhen供应商,美妆,fivemore,美妆,美妆工具,面部工具,手动剃须刀,37,74,27,13,0,340.00,10,9,6,37.78,9.19,24.32%,24.32%,26.29,75.68%,100.00%,22.22%,0.00,0.00%
适配美的电动牙刷头S1P/S5/M1/M2/MCAJ0101/02030405/SS替换1383,="12414698073",="727599195740",="store001",="10343504",(美妆)深圳希臻实业有限公司,="2214740131874",xizhen供应商,美妆,fivemore,美妆,美妆工具,面部工具,手动剃须刀,53,169,22,17,1,273.50,29,22,8,12.43,5.16,41.51%,41.51%,9.61,64.15%,100.00%,36.36%,8.20,3.00%
适配飞利浦电动牙刷头HX247M/247C/247L/2461B/2023/242W替换1383,="12424872898",="754227869073",="store001",="10343504",(美妆)深圳希臻实业有限公司,="2214740131874",xizhen供应商,美妆,fivemore,美妆,美妆工具,面部工具,手动剃须刀,11,32,2,4,0,269.80,8,8,0,33.73,24.53,72.73%,72.73%,8.33,27.27%,100.00%,0.00%,0.00,0.00%
适配小米米家免洗扫地机器人2配件拖布滚刷C101滤网芯清洁液1383,="12426877806",="760724498488",="store001",="10343504",(美妆)深圳希臻实业有限公司,="2214740131874",xizhen供应商,美妆,维卡蜜(Bicamme),美妆,美妆工具,面部工具,手动剃须刀,10,31,4,12,0,206.32,7,4,3,51.58,20.63,40.00%,40.00%,15.73,60.00%,100.00%,75.00%,27.12,13.14%
适配科沃斯X2PRO扫拖地机器人配件尘袋抹拖布清洁液耗材滚刷1383,="12430994084",="783103790611",="store001",="10343504",(美妆)深圳希臻实业有限公司,="2214740131874",xizhen供应商,美妆,维卡蜜(Bicamme),美妆,美妆工具,面部工具,手动剃须刀,2,3,1,6,0,169.80,4,1,0,169.80,84.90,50.00%,50.00%,44.76,0.00%,100.00%,0.00%,84.90,50.00%
适配拜尔bair电动牙刷头X1/X1splus/X5/X7/X9/X11拜耳替换头1383,="12403853835",="702863114191",="store001",="10343504",(美妆)深圳希臻实业有限公司,="2214740131874",xizhen供应商,美妆,fivemore,美妆,美妆工具,面部工具,手动剃须刀,27,54,17,8,0,147.70,7,6,2,24.62,5.47,22.22%,22.22%,16.75,77.78%,100.00%,11.76%,0.00,0.00%
适配飞利浦电动牙刷头HX9352/9332/9362/9340/9312钻石刷替换1383,="12424872969",="754227945004",="store001",="10343504",(美妆)深圳希臻实业有限公司,="2214740131874",xizhen供应商,美妆,fivemore,美妆,美妆工具,面部工具,手动剃须刀,10,17,8,3,0,141.90,3,3,3,47.30,14.19,30.00%,30.00%,35.60,80.00%,100.00%,37.50%,0.00,0.00%
适配于花上电动牙刷头HUSUME1/F1/F4/E2/E3/E8/F4/S1/S5替换1383,="12407569220",="709068181201",="store001",="10343504",(美妆)深圳希臻实业有限公司,="2214740131874",xizhen供应商,美妆,fivemore,美妆,美妆工具,面部工具,手动剃须刀,18,74,12,10,3,121.40,7,4,4,30.35,6.74,22.22%,22.22%,11.72,55.56%,100.00%,33.33%,0.00,0.00%
适配飞利浦电动牙刷充电器hx2471/hx6730/hx6100底座无线儿童1383,="12415665229",="728958033190",="store001",="10343504",(美妆)深圳希臻实业有限公司,="2214740131874",xizhen供应商,美妆,fivemore,美妆,美妆工具,面部工具,手动剃须刀,13,37,8,5,0,119.80,8,6,4,19.97,9.22,46.15%,46.15%,20.63,30.77%,100.00%,50.00%,0.00,0.00%
适配小米米家扫地机器人配件扫拖3C拖布滚刷边刷尘盒抹布滤网1383,="12425613925",="756975972326",="store001",="10343504",(美妆)深圳希臻实业有限公司,="2214740131874",xizhen供应商,美妆,维卡蜜(Bicamme),美妆,美妆工具,面部工具,手动剃须刀,13,28,8,5,0,112.90,6,5,4,22.58,8.68,38.46%,38.46%,13.73,53.85%,100.00%,50.00%,0.00,0.00%
适配拜尔BAIR儿童电动牙刷头拜耳K7/K3G5/齿道A3/A5/A9替换头1383,="12403853862",="703102027471",="store001",="10343504",(美妆)深圳希臻实业有限公司,="2214740131874",xizhen供应商,美妆,fivemore,美妆,美妆工具,面部工具,手动剃须刀,37,94,18,15,1,111.90,9,8,6,13.99,3.02,21.62%,21.62%,26.28,59.46%,100.00%,33.33%,0.00,0.00%
适用于waterpik洁碧冲牙器手柄水管配件水牙线洗牙器WP100EC/1383,="12417072725",="731588262327",="store001",="10343504",(美妆)深圳希臻实业有限公司,="2214740131874",xizhen供应商,美妆,fivemore,美妆,美妆工具,面部工具,手动剃须刀,22,56,15,5,0,111.80,4,4,2,27.95,5.08,18.18%,18.18%,20.55,72.73%,100.00%,13.33%,0.00,0.00%
适配KUB可优比电动牙刷头LUSN儿童刷头替换杜邦刷毛宝宝小孩1383,="12414698127",="727429714481",="store001",="10343504",(美妆)深圳希臻实业有限公司,="2214740131874",xizhen供应商,美妆,fivemore,美妆,美妆工具,面部工具,手动剃须刀,29,79,2,7,0,110.00,5,5,0,22.00,3.79,17.24%,17.24%,17.42,65.52%,100.00%,0.00%,0.00,0.00%
五更适配softie舒米尔0.01电动牙刷头RLT201/202/RLS6011替换1383,="12418614380",="736251759189",="store001",="10343504",(美妆)深圳希臻实业有限公司,="2214740131874",xizhen供应商,美妆,fivemore,美妆,美妆工具,面部工具,手动剃须刀,19,48,6,5,1,109.90,6,5,4,21.98,5.78,26.32%,26.32%,15.38,63.16%,100.00%,66.67%,0.00,0.00%
适配追觅扫地机器人配件W10PRO抹拖布滤网滚边刷尘袋清洁液1383,="12424687071",="753176028046",="store001",="10343504",(美妆)深圳希臻实业有限公司,="2214740131874",xizhen供应商,美妆,维卡蜜(Bicamme),美妆,美妆工具,面部工具,手动剃须刀,7,11,6,2,0,107.90,2,2,2,53.95,15.41,28.57%,28.57%,31.58,71.43%,100.00%,33.33%,0.00,0.00%
适配科沃斯X1扫地机器人配件拖抹布清洁液剂耗材边滚刷集尘袋1383,="12424220824",="750966597342",="store001",="10343504",(美妆)深圳希臻实业有限公司,="2214740131874",xizhen供应商,美妆,维卡蜜(Bicamme),美妆,美妆工具,面部工具,手动剃须刀,5,8,0,6,0,104.50,2,2,0,52.25,20.90,40.00%,40.00%,26.03,20.00%,100.00%,0.00%,0.00,0.00%
适配TINECO添可地面清洁液洗地机清洁剂配件地板清洗剂液1383,="12445617181",="924051248642",="store001",="10343504",(美妆)深圳希臻实业有限公司,="2214740131874",xizhen供应商,美妆,维卡蜜(Bicamme),美妆,美妆工具,面部工具,手动剃须刀,41,66,15,8,1,91.50,3,3,3,30.50,2.23,7.32%,7.32%,11.42,90.24%,100.00%,20.00%,0.00,0.00%
适配小米米家3C增强版扫拖地机器人配件拖抹布主边刷滤网耗材1383,="12431160561",="784229822080",="store001",="10343504",(美妆)深圳希臻实业有限公司,="2214740131874",xizhen供应商,美妆,维卡蜜(Bicamme),美妆,美妆工具,面部工具,手动剃须刀,6,14,5,2,0,83.20,2,2,1,41.60,13.87,33.33%,33.33%,28.88,50.00%,100.00%,20.00%,0.00,0.00%
适配飞利浦HX6616/6610/6631/6620/6622/6630电动牙刷头替换1383,="12424872946",="754281030960",="store001",="10343504",(美妆)深圳希臻实业有限公司,="2214740131874",xizhen供应商,美妆,fivemore,美妆,美妆工具,面部工具,手动剃须刀,10,21,5,3,0,82.40,2,2,1,41.20,8.24,20.00%,20.00%,16.22,70.00%,100.00%,20.00%,0.00,0.00%
适配德国LMN电动牙刷头L1L1TZ/L2/N2儿童N1固得白科蒂斯替换1383,="12418614349",="736248511258",="store001",="10343504",(美妆)深圳希臻实业有限公司,="2214740131874",xizhen供应商,美妆,fivemore,美妆,美妆工具,面部工具,手动剃须刀,17,47,13,6,2,80.70,6,5,3,16.14,4.75,29.41%,29.41%,16.02,64.71%,100.00%,23.08%,0.00,0.00%
适配飞利浦HX3260A电动牙刷头3230A/3240A/HX3250A替换通用1383,="12433727250",="896447323386",="store001",="10343504",(美妆)深圳希臻实业有限公司,="2214740131874",xizhen供应商,美妆,fivemore,美妆,美妆工具,面部工具,手动剃须刀,24,50,16,5,0,75.80,5,5,4,15.16,3.16,20.83%,20.83%,39.55,75.00%,100.00%,25.00%,0.00,0.00%
适配飞利浦sonicare电动牙刷头通用hx6730/6340/3260a/g2替换1383,="12408659220",="711034534261",="store001",="10343504",(美妆)深圳希臻实业有限公司,="2214740131874",xizhen供应商,美妆,fivemore,美妆,美妆工具,面部工具,手动剃须刀,34,62,24,6,1,73.40,6,6,4,12.23,2.16,17.65%,17.65%,28.88,88.24%,100.00%,16.67%,11.10,15.12%
适配飞利浦电动牙刷头hx684a/684b/684c/684e/684j/684p/684w1383,="12424872923",="754346835223",="store001",="10343504",(美妆)深圳希臻实业有限公司,="2214740131874",xizhen供应商,美妆,fivemore,美妆,美妆工具,面部工具,手动剃须刀,13,35,10,6,0,70.50,2,2,2,35.25,5.42,15.38%,15.38%,22.57,61.54%,100.00%,20.00%,0.00,0.00%
适配Oralb欧乐B电动牙刷头欧乐比pro3/4/P4000通用替换头博朗1383,="12410992096",="719184867107",="store001",="10343504",(美妆)深圳希臻实业有限公司,="2214740131874",xizhen供应商,美妆,fivemore,美妆,美妆工具,面部工具,手动剃须刀,25,42,11,6,0,68.20,4,4,0,17.05,2.73,16.00%,16.00%,14.38,68.00%,100.00%,0.00%,0.00,0.00%
适配飞利浦电动牙刷头HX9911HX999HX9997/9912/9924钻石刷1383,="12419979969",="738979833063",="store001",="10343504",(美妆)深圳希臻实业有限公司,="2214740131874",xizhen供应商,美妆,fivemore,美妆,美妆工具,面部工具,手动剃须刀,1,7,0,0,0,67.10,1,1,0,67.10,67.10,100.00%,100.00%,25.64,0.00%,100.00%,0.00%,0.00,0.00%
【苏宁甄选】适配飞利浦电动牙刷头HX9912钻石9Pro牙刷替换头1383,="12433727250",="925847907520",="store001",="10343504",(美妆)深圳希臻实业有限公司,="2214740131874",xizhen供应商,美妆,fivemore,美妆,美妆工具,面部工具,手动剃须刀,6,8,5,1,0,66.30,2,2,1,33.15,11.05,33.33%,33.33%,20.66,66.67%,100.00%,20.00%,0.00,0.00%
适配飞利浦声波钻3pro电动牙刷头HX5262/5171/6730/5181替换1383,="12433727250",="937338552052",="store001",="10343504",(美妆)深圳希臻实业有限公司,="2214740131874",xizhen供应商,美妆,fivemore,美妆,美妆工具,面部工具,手动剃须刀,6,22,1,2,2,66.20,2,2,1,33.10,11.03,33.33%,33.33%,21.64,50.00%,100.00%,100.00%,0.00,0.00%
适配OralB/欧乐B云感io电动牙刷头io2/io3/io5/io7/io9替换头1383,="12433727250",="935825763729",="store001",="10343504",(美妆)深圳希臻实业有限公司,="2214740131874",xizhen供应商,美妆,fivemore,美妆,美妆工具,面部工具,手动剃须刀,10,23,4,1,1,64.40,2,2,2,32.20,6.44,20.00%,20.00%,7.12,30.00%,100.00%,50.00%,0.00,0.00%
适配HUAWEI华为HiLink电动牙刷头A6汇优尚品牙刷头替换头杜邦1383,="12414900784",="727901477163",="store001",="10343504",(美妆)深圳希臻实业有限公司,="2214740131874",xizhen供应商,美妆,fivemore,美妆,美妆工具,面部工具,手动剃须刀,15,40,4,10,0,63.40,5,4,1,15.85,4.23,26.67%,26.67%,18.66,46.67%,100.00%,25.00%,0.00,0.00%
适配usmile电动牙刷头替换头Y10/P10/Y1/Y4/Y5软毛笑容加刷头1383,="12433727250",="932125741968",="store001",="10343504",(美妆)深圳希臻实业有限公司,="2214740131874",xizhen供应商,美妆,fivemore,美妆,美妆工具,面部工具,手动剃须刀,4,14,3,2,2,63.00,3,3,3,21.00,15.75,75.00%,75.00%,3.38,50.00%,100.00%,100.00%,0.00,0.00%
适配doltz松下电动牙刷头EWDM71/PDM7B儿童DM31替换MDB3A/1383,="12425606502",="757090889124",="store001",="10343504",(美妆)深圳希臻实业有限公司,="2214740131874",xizhen供应商,美妆,fivemore,美妆,美妆工具,面部工具,手动剃须刀,23,59,14,8,2,63.00,5,5,2,12.60,2.74,21.74%,21.74%,25.81,56.52%,100.00%,14.29%,0.00,0.00%
适配usmile电动牙刷头替换头通用Y10/P10/Y1/Y4/Y5软毛刷头1383,="12433727250",="931566474257",="store001",="10343504",(美妆)深圳希臻实业有限公司,="2214740131874",xizhen供应商,美妆,fivemore,美妆,美妆工具,面部工具,手动剃须刀,5,21,4,1,1,63.00,3,3,3,21.00,12.60,60.00%,60.00%,2.76,40.00%,100.00%,75.00%,0.00,0.00%
适配小米米家免洗扫地机器人Pro配件拖抹布滤网滚边刷清洁液1383,="12426877788",="760767919081",="store001",="10343504",(美妆)深圳希臻实业有限公司,="2214740131874",xizhen供应商,美妆,维卡蜜(Bicamme),美妆,美妆工具,面部工具,手动剃须刀,5,22,1,4,0,60.30,2,1,0,60.30,12.06,20.00%,20.00%,31.66,20.00%,100.00%,0.00%,30.60,50.75%
适配小狗电动牙刷头Y1/T1声波清洁软毛通用牙刷头360替换1383,="12427037823",="761557448199",="store001",="10343504",(美妆)深圳希臻实业有限公司,="2214740131874",xizhen供应商,美妆,fivemore,美妆,美妆工具,面部工具,手动剃须刀,5,12,2,0,0,55.80,3,3,2,18.60,11.16,60.00%,60.00%,23.99,40.00%,100.00%,100.00%,0.00,0.00%
【苏宁正品】五更适配usmile电动牙刷头45度大师系列Y4S替换1383,="12433727250",="895569428202",="store001",="10343504",(美妆)深圳希臻实业有限公司,="2214740131874",xizhen供应商,美妆,fivemore,美妆,美妆工具,面部工具,手动剃须刀,6,9,4,2,0,54.90,3,3,1,18.30,9.15,50.00%,50.00%,23.67,50.00%,100.00%,25.00%,27.90,50.82%
【苏宁甄选】适配飞利浦电动牙刷头HX5232儿童3到15岁小飞刷1383,="12433727250",="935825859498",="store001",="10343504",(美妆)深圳希臻实业有限公司,="2214740131874",xizhen供应商,美妆,fivemore,美妆,美妆工具,面部工具,手动剃须刀,4,13,1,1,1,50.80,2,2,1,25.40,12.70,50.00%,50.00%,8.57,25.00%,100.00%,100.00%,0.00,0.00%
适配BC/babycare儿童电动牙刷头6120替换牙刷头小孩宝宝软毛1383,="12414900793",="727688884459",="store001",="10343504",(美妆)深圳希臻实业有限公司,="2214740131874",xizhen供应商,美妆,fivemore,美妆,美妆工具,面部工具,手动剃须刀,4,7,3,3,0,50.70,3,3,2,16.90,12.68,75.00%,75.00%,15.14,50.00%,100.00%,66.67%,16.90,33.33%
五更适配APIYOO艾优电动牙刷头T1/T11/T1N/P8A罗马柱替换头1383,="12413573865",="724393856153",="store001",="10343504",(美妆)深圳希臻实业有限公司,="2214740131874",xizhen供应商,美妆,fivemore,美妆,美妆工具,面部工具,手动剃须刀,7,19,4,1,0,50.70,3,3,1,16.90,7.24,42.86%,42.86%,29.92,42.86%,100.00%,25.00%,0.00,0.00%
适用于荷兰PCS电动牙刷头澎湃Pro/Young/T6S/T7S替换通用1383,="12410992148",="718997254028",="store001",="10343504",(美妆)深圳希臻实业有限公司,="2214740131874",xizhen供应商,美妆,fivemore,美妆,美妆工具,面部工具,手动剃须刀,6,11,1,2,0,45.90,1,1,0,45.90,7.65,16.67%,16.67%,10.75,0.00%,100.00%,0.00%,45.90,100.00%
五更适配KUTA企鹅电动牙刷头K1/K2/K3儿童P9/S9成人U型替换1383,="12418019432",="734245437232",="store001",="10343504",(美妆)深圳希臻实业有限公司,="2214740131874",xizhen供应商,美妆,fivemore,美妆,美妆工具,面部工具,手动剃须刀,11,18,4,2,0,42.30,2,2,1,21.15,3.85,18.18%,18.18%,12.46,72.73%,100.00%,25.00%,0.00,0.00%
五更适配SOOCAS素士电动牙刷头X3U梵高联名款净白绿野玫瑰1383,="12429346982",="768455663172",="store001",="10343504",(美妆)深圳希臻实业有限公司,="2214740131874",xizhen供应商,美妆,fivemore,美妆,美妆工具,面部工具,手动剃须刀,1,19,1,2,0,42.20,2,1,1,42.20,42.20,100.00%,100.00%,13.51,0.00%,100.00%,100.00%,0.00,0.00%
适配飞利浦儿童电动牙刷头HX6032/6320/6321/6322/6340/6042/1383,="12403853919",="702342980460",="store001",="10343504",(美妆)深圳希臻实业有限公司,="2214740131874",xizhen供应商,美妆,fivemore,美妆,美妆工具,面部工具,手动剃须刀,2,3,2,0,0,41.50,1,1,0,41.50,20.75,50.00%,50.00%,19.71,0.00%,100.00%,0.00%,0.00,0.00%
适配石头扫拖地机器人P10Pro配件滚边刷拖抹布集尘袋清洁液1383,="12431292350",="785048166557",="store001",="10343504",(美妆)深圳希臻实业有限公司,="2214740131874",xizhen供应商,美妆,维卡蜜(Bicamme),美妆,美妆工具,面部工具,手动剃须刀,4,5,0,3,0,39.90,2,1,0,39.90,9.98,25.00%,25.00%,30.89,25.00%,100.00%,0.00%,21.20,53.13%
【苏宁正品】五更适配笑容加usmile电动牙刷刷头密泡刷P4替换1383,="12433727250",="894750926825",="store001",="10343504",(美妆)深圳希臻实业有限公司,="2214740131874",xizhen供应商,美妆,fivemore,美妆,美妆工具,面部工具,手动剃须刀,4,7,4,2,0,38.90,2,2,1,19.45,9.73,50.00%,50.00%,15.91,50.00%,100.00%,25.00%,13.50,34.70%
【苏宁正品】五更适配笑容加usmile儿童小恐龙Q4电动牙刷头1383,="12433727250",="895356178463",="store001",="10343504",(美妆)深圳希臻实业有限公司,="2214740131874",xizhen供应商,美妆,fivemore,美妆,美妆工具,面部工具,手动剃须刀,1,2,1,0,0,36.40,1,1,1,36.40,36.40,100.00%,100.00%,54.01,0.00%,100.00%,100.00%,0.00,0.00%
维卡蜜适配德国EFZQ电动牙刷头E10/E10C/F10儿童Z10/Z10S替换1383,="12414900731",="728043078463",="store001",="10343504",(美妆)深圳希臻实业有限公司,="2214740131874",xizhen供应商,美妆,fivemore,美妆,美妆工具,面部工具,手动剃须刀,9,32,2,3,1,34.20,3,2,1,17.10,3.80,22.22%,22.22%,10.91,33.33%,100.00%,50.00%,0.00,0.00%
五更适配扉乐FiliX电动牙刷头成人Major/TIE儿童VIIV通用替换1383,="12427298833",="761980344955",="store001",="10343504",(美妆)深圳希臻实业有限公司,="2214740131874",xizhen供应商,美妆,fivemore,美妆,美妆工具,面部工具,手动剃须刀,1,4,1,0,0,33.90,1,1,0,33.90,33.90,100.00%,100.00%,2.83,0.00%,100.00%,0.00%,33.90,100.00%
适配Oralb欧乐B电动牙刷头p4000/p3000/d100/Pro1/2/34替换头1383,="12410992068",="719184631914",="store001",="10343504",(美妆)深圳希臻实业有限公司,="2214740131874",xizhen供应商,美妆,fivemore,美妆,美妆工具,面部工具,手动剃须刀,13,19,7,3,0,33.30,2,2,1,16.65,2.56,15.38%,15.38%,22.43,84.62%,100.00%,14.29%,0.00,0.00%
适配飞利浦电动牙刷头HX2471/HX2571/2421/2451替换S3Pro刷头1383,="12433727250",="937338128372",="store001",="10343504",(美妆)深圳希臻实业有限公司,="2214740131874",xizhen供应商,美妆,fivemore,美妆,美妆工具,面部工具,手动剃须刀,4,7,0,1,2,31.30,1,1,0,31.30,7.83,25.00%,25.00%,10.85,50.00%,100.00%,0.00%,0.00,0.00%
适配Oclean/欧可林x电动牙刷头ONE/SE/Xpro/Z1/AIR通用替换头1383,="12411139153",="719269834517",="store001",="10343504",(美妆)深圳希臻实业有限公司,="2214740131874",xizhen供应商,美妆,fivemore,美妆,美妆工具,面部工具,手动剃须刀,5,9,3,1,0,31.30,1,1,0,31.30,6.26,20.00%,20.00%,7.84,40.00%,100.00%,0.00%,0.00,0.00%
适配石头扫地机器人P10配件拖抹布集尘袋边刷滚刷滤网清洁液1383,="12424879887",="754128544226",="store001",="10343504",(美妆)深圳希臻实业有限公司,="2214740131874",xizhen供应商,美妆,维卡蜜(Bicamme),美妆,美妆工具,面部工具,手动剃须刀,6,12,0,0,0,28.90,1,1,0,28.90,4.82,16.67%,16.67%,5.68,16.67%,100.00%,0.00%,0.00,0.00%
适配飞利浦儿童电动牙刷头HX6330HX6332HX6381HX6032/6322/1383,="12424873022",="754227937115",="store001",="10343504",(美妆)深圳希臻实业有限公司,="2214740131874",xizhen供应商,美妆,fivemore,美妆,美妆工具,面部工具,手动剃须刀,1,3,0,1,0,28.90,1,1,0,28.90,28.90,100.00%,100.00%,22.05,0.00%,100.00%,0.00%,0.00,0.00%
适配飞利浦牙刷头HX5171/HX5161替换头HX5181成人3系5系刷头1383,="12433727250",="936248162620",="store001",="10343504",(美妆)深圳希臻实业有限公司,="2214740131874",xizhen供应商,美妆,fivemore,美妆,美妆工具,面部工具,手动剃须刀,5,13,3,1,1,28.80,1,1,1,28.80,5.76,20.00%,20.00%,7.47,20.00%,100.00%,33.33%,0.00,0.00%
适配MUJI无印良品电动牙刷头MSTBW1CN软毛通用声波替换头1383,="12429346826",="768452110506",="store001",="10343504",(美妆)深圳希臻实业有限公司,="2214740131874",xizhen供应商,美妆,fivemore,美妆,美妆工具,面部工具,手动剃须刀,2,3,1,1,0,27.90,1,1,0,27.90,13.95,50.00%,50.00%,25.24,50.00%,100.00%,0.00%,0.00,0.00%
五更适配usmile儿童电动牙刷头Q10/Q3/A10/Q4/S10/Q1/Q20替换1383,="12433727250",="827608853803",="store001",="10343504",(美妆)深圳希臻实业有限公司,="2214740131874",xizhen供应商,美妆,fivemore,美妆,美妆工具,面部工具,手动剃须刀,1,3,1,0,0,27.90,1,1,1,27.90,27.90,100.00%,100.00%,10.07,0.00%,100.00%,100.00%,0.00,0.00%
适配佳洁士电动牙刷头S311/S15/SR32/S411/S26Crest小白刷1383,="12411139168",="719093001942",="store001",="10343504",(美妆)深圳希臻实业有限公司,="2214740131874",xizhen供应商,美妆,fivemore,美妆,美妆工具,面部工具,手动剃须刀,4,18,1,1,0,27.40,1,1,0,27.40,6.85,25.00%,25.00%,8.22,25.00%,100.00%,0.00%,0.00,0.00%
适配必胜洗地机清洁液3548配件主滚刷过滤网地面清洁剂1383,="12430489279",="777794983779",="store001",="10343504",(美妆)深圳希臻实业有限公司,="2214740131874",xizhen供应商,美妆,维卡蜜(Bicamme),美妆,美妆工具,面部工具,手动剃须刀,2,4,2,3,0,27.20,1,1,1,27.20,13.60,50.00%,50.00%,38.12,0.00%,100.00%,50.00%,0.00,0.00%
五更适配mteeth萌牙家电动牙刷头素净星耀X2星辰X3永恒萌芽家1383,="12405258883",="705823228102",="store001",="10343504",(美妆)深圳希臻实业有限公司,="2214740131874",xizhen供应商,美妆,fivemore,美妆,美妆工具,面部工具,手动剃须刀,4,8,1,1,0,25.80,2,2,1,12.90,6.45,50.00%,50.00%,17.68,50.00%,100.00%,100.00%,0.00,0.00%
适配奥克斯/懒贝贝/深爱/KMC电动牙刷头U型C型儿童款替换头1383,="12429483622",="770447049490",="store001",="10343504",(美妆)深圳希臻实业有限公司,="2214740131874",xizhen供应商,美妆,fivemore,美妆,美妆工具,面部工具,手动剃须刀,5,8,5,1,0,25.40,1,1,1,25.40,5.08,20.00%,20.00%,22.39,80.00%,100.00%,20.00%,0.00,0.00%
五更适配Doltz松下电动牙刷头DC031/032/033小彩刷DC03替换头1383,="12433727250",="936248222805",="store001",="10343504",(美妆)深圳希臻实业有限公司,="2214740131874",xizhen供应商,美妆,fivemore,美妆,美妆工具,面部工具,手动剃须刀,4,8,1,1,2,25.30,1,1,1,25.30,6.33,25.00%,25.00%,5.22,25.00%,100.00%,100.00%,0.00,0.00%
适配飞利浦电动牙刷头HX3/HX6/HX7/HX8/HX9系列通用替换刷头1383,="12433727250",="896716490600",="store001",="10343504",(美妆)深圳希臻实业有限公司,="2214740131874",xizhen供应商,美妆,fivemore,美妆,美妆工具,面部工具,手动剃须刀,2,18,2,1,0,23.70,1,1,1,23.70,11.85,50.00%,50.00%,17.68,50.00%,100.00%,50.00%,0.00,0.00%
适配ROAMAN罗曼电动牙刷刷头T3/T5/T6/T10S/T20/E7/d30替换头1383,="12427298788",="762148047249",="store001",="10343504",(美妆)深圳希臻实业有限公司,="2214740131874",xizhen供应商,美妆,fivemore,美妆,美妆工具,面部工具,手动剃须刀,3,9,3,0,0,23.50,2,2,0,11.75,7.83,66.67%,66.67%,17.46,66.67%,100.00%,0.00%,0.00,0.00%
适配罗曼电动牙刷头ROAMAN/T10XB/T3/T10X通用软毛替换刷头1383,="12433727250",="827386454526",="store001",="10343504",(美妆)深圳希臻实业有限公司,="2214740131874",xizhen供应商,美妆,fivemore,美妆,美妆工具,面部工具,手动剃须刀,2,3,2,2,0,22.80,1,1,1,22.80,11.40,50.00%,50.00%,12.72,50.00%,100.00%,50.00%,0.00,0.00%
适配福派电动牙刷头A6/A6plus/A6splus/A8/ZRZ5Z7替换头软毛1383,="12409135539",="712800879535",="store001",="10343504",(美妆)深圳希臻实业有限公司,="2214740131874",xizhen供应商,美妆,fivemore,美妆,美妆工具,面部工具,手动剃须刀,5,17,3,5,0,22.50,2,2,0,11.25,4.50,40.00%,40.00%,9.55,80.00%,100.00%,0.00%,0.00,0.00%
适配Oclean/小天才儿童智能电动牙刷头A1K替换头男女软毛通用1383,="12430450984",="777412166814",="store001",="10343504",(美妆)深圳希臻实业有限公司,="2214740131874",xizhen供应商,美妆,fivemore,美妆,美妆工具,面部工具,手动剃须刀,5,14,1,2,0,21.10,1,1,1,21.10,4.22,20.00%,20.00%,15.21,0.00%,100.00%,100.00%,0.00,0.00%
适配博朗OralB/欧乐B儿童电动牙刷头EB10/D12/D100/D10替换1383,="12417072731",="731457053190",="store001",="10343504",(美妆)深圳希臻实业有限公司,="2214740131874",xizhen供应商,美妆,fivemore,美妆,美妆工具,面部工具,手动剃须刀,1,2,0,0,0,20.40,1,1,0,20.40,20.40,100.00%,100.00%,7.24,0.00%,100.00%,0.00%,0.00,0.00%
适配飞利浦电动牙刷头HX2021/2023/2025/2033替换头2100通用1383,="12433727250",="913487520402",="store001",="10343504",(美妆)深圳希臻实业有限公司,="2214740131874",xizhen供应商,美妆,fivemore,美妆,美妆工具,面部工具,手动剃须刀,2,2,0,0,0,19.40,1,1,0,19.40,9.70,50.00%,50.00%,10.02,0.00%,100.00%,0.00%,0.00,0.00%
适配泰康拜博BYBO电动牙刷头替换S3成人T3/T9/P9/H9儿童C3/1383,="12433727267",="808730911889",="store001",="10343504",(美妆)深圳希臻实业有限公司,="2214740131874",xizhen供应商,美妆,fivemore,美妆,美妆工具,面部工具,手动剃须刀,1,5,0,0,0,19.40,1,1,0,19.40,19.40,100.00%,100.00%,7.41,0.00%,100.00%,0.00%,0.00,0.00%
适配marudai丸太儿童电动牙刷头MA11小孩宝宝MA10软毛替换1383,="12430995439",="783159656372",="store001",="10343504",(美妆)深圳希臻实业有限公司,="2214740131874",xizhen供应商,美妆,fivemore,美妆,美妆工具,面部工具,手动剃须刀,1,1,1,1,0,19.40,1,1,0,19.40,19.40,100.00%,100.00%,64.91,0.00%,100.00%,0.00%,19.40,100.00%
适配云南白药金口健电动牙刷头jk1501高达联名K1K3替换头1383,="12429347095",="768452206368",="store001",="10343504",(美妆)深圳希臻实业有限公司,="2214740131874",xizhen供应商,美妆,fivemore,美妆,美妆工具,面部工具,手动剃须刀,2,2,2,3,0,19.40,1,1,1,19.40,9.70,50.00%,50.00%,65.78,0.00%,100.00%,50.00%,0.00,0.00%
适用于DARLIE黑人ET3/ET5电动牙刷替换头ETK1/儿童软毛刷头1383,="12413829244",="725462943357",="store001",="10343504",(美妆)深圳希臻实业有限公司,="2214740131874",xizhen供应商,美妆,fivemore,美妆,美妆工具,面部工具,手动剃须刀,0,0,0,0,0,19.40,1,1,0,19.40,0.00,0.00%,0.00%,0.00,0.00%,100.00%,0.00%,0.00,0.00%
适配石头扫地机器人P10地面清洁液配件G10sPro/G20地板清洗剂1383,="12426743836",="760156601385",="store001",="10343504",(美妆)深圳希臻实业有限公司,="2214740131874",xizhen供应商,美妆,维卡蜜(Bicamme),美妆,美妆工具,面部工具,手动剃须刀,6,22,2,0,0,18.70,1,1,1,18.70,3.12,16.67%,16.67%,13.11,66.67%,100.00%,50.00%,18.70,100.00%
适配Mcomb美看电动牙刷头M2M2plus/N2/M3/AG小蛮腰001替换头1383,="12429346908",="768455623264",="store001",="10343504",(美妆)深圳希臻实业有限公司,="2214740131874",xizhen供应商,美妆,fivemore,美妆,美妆工具,面部工具,手动剃须刀,4,19,1,1,0,16.90,1,1,0,16.90,4.23,25.00%,25.00%,9.33,50.00%,100.00%,0.00%,0.00,0.00%
适配小米米家免洗扫地机器人配件MJSTP滚边刷滤网清洁抹拖布1383,="12427817631",="763028343979",="store001",="10343504",(美妆)深圳希臻实业有限公司,="2214740131874",xizhen供应商,美妆,维卡蜜(Bicamme),美妆,美妆工具,面部工具,手动剃须刀,3,7,2,0,0,15.30,1,1,1,15.30,5.10,33.33%,33.33%,20.78,0.00%,100.00%,50.00%,0.00,0.00%
【苏宁正品】五更适配笑容加usmile电动牙刷刷头Y1MAX替换头1383,="12433727250",="894489443255",="store001",="10343504",(美妆)深圳希臻实业有限公司,="2214740131874",xizhen供应商,美妆,fivemore,美妆,美妆工具,面部工具,手动剃须刀,2,4,2,0,0,13.50,1,1,1,13.50,6.75,50.00%,50.00%,24.89,0.00%,100.00%,50.00%,0.00,0.00%
五更适配赛嘉电动牙刷头S2/S5/E2/E3/E4/E5/E6/E7/E8替换头/1383,="12422021728",="743738450145",="store001",="10343504",(美妆)深圳希臻实业有限公司,="2214740131874",xizhen供应商,美妆,fivemore,美妆,美妆工具,面部工具,手动剃须刀,7,20,4,2,0,12.60,1,1,1,12.60,1.80,14.29%,14.29%,17.96,71.43%,100.00%,25.00%,0.00,0.00%
电动牙刷充电线圆头通用数据线适配拜尔/素士/小米/KMC充电器1383,="12413573880",="724945351109",="store001",="10343504",(美妆)深圳希臻实业有限公司,="2214740131874",xizhen供应商,美妆,fivemore,美妆,美妆工具,面部工具,手动剃须刀,1,2,1,1,0,8.42,1,1,1,8.42,8.42,100.00%,100.00%,19.78,0.00%,100.00%,100.00%,0.00,0.00%
【苏宁严选】适配舒客声波电动牙刷成人情侣T3/T2专用替换头1383,="12433727250",="922287726308",="store001",="10343504",(美妆)深圳希臻实业有限公司,="2214740131874",xizhen供应商,美妆,fivemore,美妆,美妆工具,面部工具,手动剃须刀,2,2,1,0,0,0.00,0,0,0,0.00,0.00,0.00%,0.00%,12.03,0.00%,0.00%,0.00%,0.00,0.00%
适配KONKA康佳电动牙刷头KZR8/R9/6S/7S/R6/R11软毛替换通用1383,="12433727250",="922287986901",="store001",="10343504",(美妆)深圳希臻实业有限公司,="2214740131874",xizhen供应商,美妆,fivemore,美妆,美妆工具,面部工具,手动剃须刀,2,2,1,0,0,0.00,0,0,0,0.00,0.00,0.00%,0.00%,20.28,0.00%,0.00%,0.00%,0.00,0.00%
适配JIMOK/锦美客电动牙刷头替换M1/K2K1/TC01千山Q5/Q7/Q8/1383,="12433727250",="922288446131",="store001",="10343504",(美妆)深圳希臻实业有限公司,="2214740131874",xizhen供应商,美妆,fivemore,美妆,美妆工具,面部工具,手动剃须刀,1,1,0,0,0,0.00,0,0,0,0.00,0.00,0.00%,0.00%,2.39,0.00%,0.00%,0.00%,0.00,0.00%
苏宁严选适配飞利浦电动牙刷头hx2571宝藏刷S3小羽刷专用替换1383,="12433727250",="923136975877",="store001",="10343504",(美妆)深圳希臻实业有限公司,="2214740131874",xizhen供应商,美妆,fivemore,美妆,美妆工具,面部工具,手动剃须刀,1,1,1,0,0,0.00,0,0,0,0.00,0.00,0.00%,0.00%,1.33,0.00%,0.00%,0.00%,0.00,0.00%
【苏宁正品】适配飞利浦电动牙刷头hx2025/35替换hx2451通用1383,="12433727250",="923137451054",="store001",="10343504",(美妆)深圳希臻实业有限公司,="2214740131874",xizhen供应商,美妆,fivemore,美妆,美妆工具,面部工具,手动剃须刀,2,2,2,0,0,0.00,0,0,0,0.00,0.00,0.00%,0.00%,13.96,0.00%,0.00%,0.00%,0.00,0.00%
适配云鲸扫地机器人配件清洁液除菌清洁剂J1J2J3地板面J4清洗1383,="12422575050",="745034971396",="store001",="10343504",(美妆)深圳希臻实业有限公司,="2214740131874",xizhen供应商,美妆,维卡蜜(Bicamme),美妆,美妆工具,面部工具,手动剃须刀,3,4,1,0,0,0.00,0,0,0,0.00,0.00,0.00%,0.00%,5.93,66.67%,0.00%,0.00%,0.00,0.00%
适配飞利浦sonicare电动牙刷头C1/C2/C3/G2/hx6730/3260a替换1383,="12433727250",="924051289212",="store001",="10343504",(美妆)深圳希臻实业有限公司,="2214740131874",xizhen供应商,美妆,fivemore,美妆,美妆工具,面部工具,手动剃须刀,1,1,1,0,0,0.00,0,0,0,0.00,0.00,0.00%,0.00%,0.71,0.00%,0.00%,0.00%,0.00,0.00%
【苏宁甄选】适配飞利浦电动牙刷头hx2571宝藏刷S3小羽刷专用1383,="12433727250",="925847711802",="store001",="10343504",(美妆)深圳希臻实业有限公司,="2214740131874",xizhen供应商,美妆,fivemore,美妆,美妆工具,面部工具,手动剃须刀,3,3,1,0,0,0.00,0,0,0,0.00,0.00,0.00%,0.00%,11.69,0.00%,0.00%,0.00%,0.00,0.00%
【苏宁甄选】适配飞利浦电动牙刷头hx2471宝藏刷S3专用替换头1383,="12433727250",="926229406855",="store001",="10343504",(美妆)深圳希臻实业有限公司,="2214740131874",xizhen供应商,美妆,fivemore,美妆,美妆工具,面部工具,手动剃须刀,1,1,0,0,0,0.00,0,0,0,0.00,0.00,0.00%,0.00%,11.62,0.00%,0.00%,0.00%,0.00,0.00%
适配飞利浦电动牙刷头hx3697/hx369LB/hx369NM/hx369SR替换头1383,="12433727250",="926229618299",="store001",="10343504",(美妆)深圳希臻实业有限公司,="2214740131874",xizhen供应商,美妆,fivemore,美妆,美妆工具,面部工具,手动剃须刀,3,3,3,0,0,0.00,0,0,0,0.00,0.00,0.00%,0.00%,15.36,0.00%,0.00%,0.00%,0.00,0.00%
【苏宁甄选】适配飞利浦电动牙刷头钻石7系HX3792牙刷替换头1383,="12433727250",="927245704855",="store001",="10343504",(美妆)深圳希臻实业有限公司,="2214740131874",xizhen供应商,美妆,fivemore,美妆,美妆工具,面部工具,手动剃须刀,3,3,3,0,0,0.00,0,0,0,0.00,0.00,0.00%,0.00%,17.84,0.00%,0.00%,0.00%,0.00,0.00%
【苏宁正品】适配doltz松下电动牙刷头替换EWDC01/DC02刷头1383,="12433727250",="938069111328",="store001",="10343504",(美妆)深圳希臻实业有限公司,="2214740131874",xizhen供应商,美妆,fivemore,美妆,美妆工具,面部工具,手动剃须刀,1,1,0,0,0,0.00,0,0,0,0.00,0.00,0.00%,0.00%,20.06,0.00%,0.00%,0.00%,0.00,0.00%
适配华为牙刷头lebooo力博得优漾HiLinkLBT203532A星钻2S替换1383,="12433727250",="938497750767",="store001",="10343504",(美妆)深圳希臻实业有限公司,="2214740131874",xizhen供应商,美妆,fivemore,美妆,美妆工具,面部工具,手动剃须刀,3,3,0,0,0,0.00,0,0,0,0.00,0.00,0.00%,0.00%,89.17,66.67%,0.00%,0.00%,0.00,0.00%
适配飞利浦HX247M电动牙刷头宝藏刷HX247L/HX247C/HX2471替换1383,="12433727250",="938497910460",="store001",="10343504",(美妆)深圳希臻实业有限公司,="2214740131874",xizhen供应商,美妆,fivemore,美妆,美妆工具,面部工具,手动剃须刀,4,6,0,1,0,0.00,0,0,0,0.00,0.00,0.00%,0.00%,36.22,50.00%,0.00%,0.00%,0.00,0.00%
适配小米家电动牙刷头T301/T302/T501/MES605/607/608/替换头1383,="12433727250",="939084861939",="store001",="10343504",(美妆)深圳希臻实业有限公司,="2214740131874",xizhen供应商,美妆,fivemore,美妆,美妆工具,面部工具,手动剃须刀,4,4,1,0,0,0.00,0,0,0,0.00,0.00,0.00%,0.00%,10.53,50.00%,0.00%,0.00%,0.00,0.00%
适配力博得电动牙刷头lebooo华为优漾星芒星钻灵悦星空2S替换1383,="12433727252",="808730895843",="store001",="10343504",(美妆)深圳希臻实业有限公司,="2214740131874",xizhen供应商,美妆,fivemore,美妆,美妆工具,面部工具,手动剃须刀,1,1,0,0,0,0.00,0,0,0,0.00,0.00,0.00%,0.00%,5.18,0.00%,0.00%,0.00%,0.00,0.00%
【苏宁品质】适配小米T501电动牙刷头MES607替换头T501C米家1383,="12433727256",="809079912522",="store001",="10343504",(美妆)深圳希臻实业有限公司,="2214740131874",xizhen供应商,美妆,fivemore,美妆,美妆工具,面部工具,手动剃须刀,1,1,1,0,0,0.00,0,0,0,0.00,0.00,0.00%,0.00%,6.23,0.00%,0.00%,0.00%,0.00,0.00%
【苏宁正品】适配bair拜尔拜耳电动牙刷头A9/A9S/A9plus替换1383,="12433727263",="809079912613",="store001",="10343504",(美妆)深圳希臻实业有限公司,="2214740131874",xizhen供应商,美妆,fivemore,美妆,美妆工具,面部工具,手动剃须刀,1,1,0,0,0,0.00,0,0,0,0.00,0.00,0.00%,0.00%,10.94,0.00%,0.00%,0.00%,0.00,0.00%
适配千山电动牙刷刷头Q5/Q8/Q7/S1/Q15/X1小竹刷/小野菊替换/1383,="12433727250",="923275824690",="store001",="10343504",(美妆)深圳希臻实业有限公司,="2214740131874",xizhen供应商,美妆,fivemore,美妆,美妆工具,面部工具,手动剃须刀,1,1,0,0,0,0.00,0,0,0,0.00,0.00,0.00%,0.00%,22.64,0.00%,0.00%,0.00%,0.00,0.00%
适配科沃斯扫地机器人配件T20SPRO/MAX拖布尘袋边滚刷清洁液1383,="12424220844",="751107587012",="store001",="10343504",(美妆)深圳希臻实业有限公司,="2214740131874",xizhen供应商,美妆,维卡蜜(Bicamme),美妆,美妆工具,面部工具,手动剃须刀,4,10,2,1,0,0.00,0,0,0,0.00,0.00,0.00%,0.00%,16.77,25.00%,0.00%,0.00%,0.00,0.00%
适配科沃斯扫地机器人配件地宝清洁剂X1T20清洁液T10清洗剂1383,="12424879863",="754313274929",="store001",="10343504",(美妆)深圳希臻实业有限公司,="2214740131874",xizhen供应商,美妆,维卡蜜(Bicamme),美妆,美妆工具,面部工具,手动剃须刀,1,2,0,1,0,0.00,0,0,0,0.00,0.00,0.00%,0.00%,21.32,0.00%,0.00%,0.00%,0.00,0.00%
适配小米米家追觅扫地机器人配件全能1S滤网滚刷拖抹布清洁液1383,="12425217500",="755690198889",="store001",="10343504",(美妆)深圳希臻实业有限公司,="2214740131874",xizhen供应商,美妆,维卡蜜(Bicamme),美妆,美妆工具,面部工具,手动剃须刀,1,1,0,0,0,0.00,0,0,0,0.00,0.00,0.00%,0.00%,1.05,0.00%,0.00%,0.00%,0.00,0.00%
适配小米米家扫地机器人配件1C/2C/1T拖布滚刷边刷滤网芯抹布1383,="12425489793",="756697454906",="store001",="10343504",(美妆)深圳希臻实业有限公司,="2214740131874",xizhen供应商,美妆,维卡蜜(Bicamme),美妆,美妆工具,面部工具,手动剃须刀,1,1,0,1,0,0.00,0,0,0,0.00,0.00,0.00%,0.00%,124.48,0.00%,0.00%,0.00%,0.00,0.00%
适配云鲸扫地机配件J4耗材清洗剂滤网抹布边刷滚刷清洁液1383,="12430246477",="775048582916",="store001",="10343504",(美妆)深圳希臻实业有限公司,="2214740131874",xizhen供应商,美妆,维卡蜜(Bicamme),美妆,美妆工具,面部工具,手动剃须刀,4,4,0,0,0,0.00,0,0,0,0.00,0.00,0.00%,0.00%,5.80,25.00%,0.00%,0.00%,0.00,0.00%
适配石头U10洗地机配件双滚刷长短滚筒刷清洁液洗剂滤网滤芯1383,="12430290323",="775408018459",="store001",="10343504",(美妆)深圳希臻实业有限公司,="2214740131874",xizhen供应商,美妆,维卡蜜(Bicamme),美妆,美妆工具,面部工具,手动剃须刀,1,1,1,0,0,0.00,0,0,0,0.00,0.00,0.00%,0.00%,8.10,0.00%,0.00%,0.00%,0.00,0.00%
适配必胜Bissell洗地机配件4/5代2832z/2955Z多功能滚刷滤网1383,="12430489253",="777827718347",="store001",="10343504",(美妆)深圳希臻实业有限公司,="2214740131874",xizhen供应商,美妆,维卡蜜(Bicamme),美妆,美妆工具,面部工具,手动剃须刀,1,1,1,0,0,0.00,0,0,0,0.00,0.00,0.00%,0.00%,25.01,0.00%,0.00%,0.00%,0.00,0.00%
适配云鲸科沃斯追觅扫地机器人爬坡垫配件门槛条台阶斜坡垫板1383,="12430536710",="778161937767",="store001",="10343504",(美妆)深圳希臻实业有限公司,="2214740131874",xizhen供应商,美妆,维卡蜜(Bicamme),美妆,美妆工具,面部工具,手动剃须刀,1,1,0,0,0,0.00,0,0,0,0.00,0.00,0.00%,0.00%,0.88,0.00%,0.00%,0.00%,0.00,0.00%
适配云鲸扫地机器人配件逍遥001/MAX/J5X抑菌集尘袋拖布滚刷1383,="12445616727",="923056194411",="store001",="10343504",(美妆)深圳希臻实业有限公司,="2214740131874",xizhen供应商,美妆,维卡蜜(Bicamme),美妆,美妆工具,面部工具,手动剃须刀,1,2,1,1,0,0.00,0,0,0,0.00,0.00,0.00%,0.00%,17.85,0.00%,0.00%,0.00%,0.00,0.00%
适配飞科电动牙刷头FT7108/FT7105/7106/7205/TH01/TH02替换1383,="12403853811",="703101871883",="store001",="10343504",(美妆)深圳希臻实业有限公司,="2214740131874",xizhen供应商,美妆,fivemore,美妆,美妆工具,面部工具,手动剃须刀,1,5,0,0,0,0.00,0,0,0,0.00,0.00,0.00%,0.00%,8.17,0.00%,0.00%,0.00%,0.00,0.00%
适配飞利浦sonicare电动牙刷头通用hx6730/6530/c2/c1/g2替换1383,="12403853889",="703102051378",="store001",="10343504",(美妆)深圳希臻实业有限公司,="2214740131874",xizhen供应商,美妆,fivemore,美妆,美妆工具,面部工具,手动剃须刀,1,2,0,0,0,0.00,0,0,0,0.00,0.00,0.00%,0.00%,23.34,0.00%,0.00%,0.00%,0.00,0.00%
五更适配Oralb欧乐B电动牙刷头博朗欧乐比D12D10/P2000替换头1383,="12405258900",="706548763167",="store001",="10343504",(美妆)深圳希臻实业有限公司,="2214740131874",xizhen供应商,美妆,fivemore,美妆,美妆工具,面部工具,手动剃须刀,2,2,1,0,0,0.00,0,0,0,0.00,0.00,0.00%,0.00%,20.85,0.00%,0.00%,0.00%,0.00,0.00%
适配华为智选/力博得Lebooo儿童电动牙刷头LBT153015A萌趣1383,="12406651714",="708283223218",="store001",="10343504",(美妆)深圳希臻实业有限公司,="2214740131874",xizhen供应商,美妆,fivemore,美妆,美妆工具,面部工具,手动剃须刀,1,1,0,0,0,0.00,0,0,0,0.00,0.00,0.00%,0.00%,14.38,0.00%,0.00%,0.00%,0.00,0.00%
五更适配千山电动牙刷头Q5/Q7/Q8/COMBO/Q15摆裙款X1钻石替换1383,="12406651726",="708062638329",="store001",="10343504",(美妆)深圳希臻实业有限公司,="2214740131874",xizhen供应商,美妆,fivemore,美妆,美妆工具,面部工具,手动剃须刀,2,3,0,0,0,0.00,0,0,0,0.00,0.00,0.00%,0.00%,11.26,0.00%,0.00%,0.00%,0.00,0.00%
五更适配Ulike电动牙刷头UB603/UB602/UB601/careup/CB02替换1383,="12406651763",="707574808091",="store001",="10343504",(美妆)深圳希臻实业有限公司,="2214740131874",xizhen供应商,美妆,fivemore,美妆,美妆工具,面部工具,手动剃须刀,1,1,0,0,0,0.00,0,0,0,0.00,0.00,0.00%,100.00%,40.15,0.00%,0.00%,0.00%,0.00,0.00%
适用TFLASH同诗电动牙刷头Q05/Y2SUFORU素君品U1/Q13情侣款1383,="12407569212",="709068113409",="store001",="10343504",(美妆)深圳希臻实业有限公司,="2214740131874",xizhen供应商,美妆,fivemore,美妆,美妆工具,面部工具,手动剃须刀,1,1,1,0,0,0.00,0,0,0,0.00,0.00,0.00%,0.00%,16.82,0.00%,0.00%,0.00%,0.00,0.00%
适配Midea美的电动牙刷头S1P/SS/MCAJ0101/02/0301/0501通用1383,="12410992186",="718818081104",="store001",="10343504",(美妆)深圳希臻实业有限公司,="2214740131874",xizhen供应商,美妆,fivemore,美妆,美妆工具,面部工具,手动剃须刀,2,2,1,0,0,0.00,0,0,0,0.00,0.00,0.00%,0.00%,9.20,0.00%,0.00%,0.00%,0.00,0.00%
适配小米米兔儿童电动牙刷头MES801/素士C1替换头通用软毛/1383,="12410992189",="719184795818",="store001",="10343504",(美妆)深圳希臻实业有限公司,="2214740131874",xizhen供应商,美妆,fivemore,美妆,美妆工具,面部工具,手动剃须刀,1,5,0,0,0,0.00,0,0,0,0.00,0.00,0.00%,0.00%,2.63,0.00%,0.00%,0.00%,0.00,0.00%
适用荣耀智选力博得lebooo电动牙刷头2s优漾星钻星芒通用华为1383,="12411139183",="719458383825",="store001",="10343504",(美妆)深圳希臻实业有限公司,="2214740131874",xizhen供应商,美妆,fivemore,美妆,美妆工具,面部工具,手动剃须刀,2,2,0,0,0,0.00,0,0,0,0.00,0.00,0.00%,0.00%,3.68,0.00%,0.00%,0.00%,0.00,0.00%
五更适配usmile电动牙刷头y10/y1pro/Y1/U1/p1001/p4p1替换头1383,="12411139202",="719269954043",="store001",="10343504",(美妆)深圳希臻实业有限公司,="2214740131874",xizhen供应商,美妆,fivemore,美妆,美妆工具,面部工具,手动剃须刀,4,8,2,1,0,0.00,0,0,0,0.00,0.00,0.00%,0.00%,12.77,75.00%,0.00%,0.00%,0.00,0.00%
适配荣耀亲选H10L小冰棒电动牙刷头替换头通用Olybo欧丽白1383,="12413122803",="723356593584",="store001",="10343504",(美妆)深圳希臻实业有限公司,="2214740131874",xizhen供应商,美妆,fivemore,美妆,美妆工具,面部工具,手动剃须刀,1,1,0,0,0,0.00,0,0,0,0.00,0.00,0.00%,0.00%,5.84,0.00%,0.00%,0.00%,0.00,0.00%
五更适配KMC电动牙刷头替换头M8牙刷刷头声波清洁1383,="12413573870",="724769102846",="store001",="10343504",(美妆)深圳希臻实业有限公司,="2214740131874",xizhen供应商,美妆,fivemore,美妆,美妆工具,面部工具,手动剃须刀,3,9,2,0,1,0.00,0,0,0,0.00,0.00,0.00%,0.00%,0.96,33.33%,0.00%,0.00%,0.00,0.00%
五更适配combo儿童电动牙刷头小章鱼牙刷头替换头12356岁1383,="12414245293",="726262055737",="store001",="10343504",(美妆)深圳希臻实业有限公司,="2214740131874",xizhen供应商,美妆,fivemore,美妆,美妆工具,面部工具,手动剃须刀,3,6,0,0,0,0.00,0,0,0,0.00,0.00,0.00%,0.00%,4.77,33.33%,0.00%,0.00%,0.00,0.00%
维卡蜜适配Watsons屈臣氏电动牙刷头A031/K1619S/RT899旋动头1383,="12414698040",="727599399178",="store001",="10343504",(美妆)深圳希臻实业有限公司,="2214740131874",xizhen供应商,美妆,fivemore,美妆,美妆工具,面部工具,手动剃须刀,1,1,1,0,0,0.00,0,0,0,0.00,0.00,0.00%,0.00%,19.08,0.00%,0.00%,0.00%,0.00,0.00%
苏宁推荐适配LION狮王电动牙刷头LSK01/LR01替换SMARTKEY成人1383,="12414698121",="727283681132",="store001",="10343504",(美妆)深圳希臻实业有限公司,="2214740131874",xizhen供应商,美妆,fivemore,美妆,美妆工具,面部工具,手动剃须刀,2,2,1,0,0,0.00,0,0,0,0.00,0.00,0.00%,0.00%,15.60,0.00%,0.00%,0.00%,0.00,0.00%
维卡蜜适配teez齿道G3电动牙刷头G1/TeethRoad/T11/K5s1软1383,="12414698138",="727599355330",="store001",="10343504",(美妆)深圳希臻实业有限公司,="2214740131874",xizhen供应商,美妆,fivemore,美妆,美妆工具,面部工具,手动剃须刀,5,30,2,0,0,0.00,0,0,0,0.00,0.00,0.00%,0.00%,9.41,60.00%,0.00%,0.00%,0.00,0.00%
适配飞利浦儿童电动牙刷头HX6320/6321/6322/6340/6042替换头1383,="12417392665",="732188322856",="store001",="10343504",(美妆)深圳希臻实业有限公司,="2214740131874",xizhen供应商,美妆,fivemore,美妆,美妆工具,面部工具,手动剃须刀,1,2,1,0,0,0.00,0,0,0,0.00,0.00,0.00%,0.00%,2.51,0.00%,0.00%,0.00%,0.00,0.00%
适配德国Ebonee艾博尼儿童电动牙刷头C1/C5替换刷头小火箭1383,="12417392680",="732344799355",="store001",="10343504",(美妆)深圳希臻实业有限公司,="2214740131874",xizhen供应商,美妆,fivemore,美妆,美妆工具,面部工具,手动剃须刀,1,1,1,0,0,0.00,0,0,0,0.00,0.00,0.00%,0.00%,1.25,0.00%,0.00%,0.00%,0.00,0.00%
适配欧乐B电动牙刷充电器d12/16/100/P2000/OralB充电底座1383,="12418019376",="734366522361",="store001",="10343504",(美妆)深圳希臻实业有限公司,="2214740131874",xizhen供应商,美妆,fivemore,美妆,美妆工具,面部工具,手动剃须刀,3,3,1,0,0,0.00,0,0,0,0.00,0.00,0.00%,0.00%,19.07,33.33%,0.00%,0.00%,0.00,0.00%
五更适配usmile电动牙刷头u3s/y1s/p3p1/U2s/U1Y1/p10pro替换1383,="12418155138",="734641672055",="store001",="10343504",(美妆)深圳希臻实业有限公司,="2214740131874",xizhen供应商,美妆,fivemore,美妆,美妆工具,面部工具,手动剃须刀,3,3,2,0,0,0.00,0,0,0,0.00,0.00,0.00%,0.00%,4.22,0.00%,0.00%,0.00%,0.00,0.00%
适配艾优APIYOO电动牙刷头T1/T11/T1A/A2/P8A大理石杜邦通用1383,="12418155167",="734832909685",="store001",="10343504",(美妆)深圳希臻实业有限公司,="2214740131874",xizhen供应商,美妆,fivemore,美妆,美妆工具,面部工具,手动剃须刀,1,1,0,0,0,0.00,0,0,0,0.00,0.00,0.00%,0.00%,13.14,0.00%,0.00%,0.00%,0.00,0.00%
适配拜尔BAIR拜耳supins电动牙刷头G201/X3系列小白001S/A81383,="12418614313",="736111946947",="store001",="10343504",(美妆)深圳希臻实业有限公司,="2214740131874",xizhen供应商,美妆,fivemore,美妆,美妆工具,面部工具,手动剃须刀,1,1,0,0,0,0.00,0,0,0,0.00,0.00,0.00%,0.00%,4.19,0.00%,0.00%,0.00%,0.00,0.00%
适配舒克舒客宝贝儿童电动牙刷头B2/B1J/B32/B32S/F1替换头1383,="12418614328",="736248299826",="store001",="10343504",(美妆)深圳希臻实业有限公司,="2214740131874",xizhen供应商,美妆,fivemore,美妆,美妆工具,面部工具,手动剃须刀,1,1,1,0,0,0.00,0,0,0,0.00,0.00,0.00%,0.00%,4.73,0.00%,0.00%,0.00%,0.00,0.00%
适配飞利浦sonicare电动牙刷头hx6730/2471/3230/6512/c2替换1383,="12418859700",="736509380696",="store001",="10343504",(美妆)深圳希臻实业有限公司,="2214740131874",xizhen供应商,美妆,fivemore,美妆,美妆工具,面部工具,手动剃须刀,1,2,1,0,0,0.00,0,0,0,0.00,0.00,0.00%,0.00%,7.09,0.00%,0.00%,0.00%,0.00,0.00%
适配Oralb欧乐B电动牙刷头博朗欧乐比D12/D10P2000通用替换头1383,="12421309642",="742190294695",="store001",="10343504",(美妆)深圳希臻实业有限公司,="2214740131874",xizhen供应商,美妆,fivemore,美妆,美妆工具,面部工具,手动剃须刀,1,1,0,0,0,0.00,0,0,0,0.00,0.00,0.00%,0.00%,5.12,0.00%,0.00%,0.00%,0.00,0.00%
适用OralB/欧乐B电动牙刷头p4000/p2000/pro4/d100/d12欧乐比1383,="12422021640",="743738494029",="store001",="10343504",(美妆)深圳希臻实业有限公司,="2214740131874",xizhen供应商,美妆,fivemore,美妆,美妆工具,面部工具,手动剃须刀,1,2,0,1,0,0.00,0,0,0,0.00,0.00,0.00%,0.00%,5.84,0.00%,0.00%,0.00%,0.00,0.00%
适配飞利浦电动牙刷头hx6730/6530/6512/6340/6100/6063替换1383,="12422021687",="743738118742",="store001",="10343504",(美妆)深圳希臻实业有限公司,="2214740131874",xizhen供应商,美妆,fivemore,美妆,美妆工具,面部工具,手动剃须刀,1,1,0,0,0,0.00,0,0,0,0.00,0.00,0.00%,0.00%,0.62,0.00%,0.00%,0.00%,0.00,0.00%
适配飞利浦电动牙刷头HX9302HX939wHX9350菲利普hx6063替换头1383,="12422131724",="744032590225",="store001",="10343504",(美妆)深圳希臻实业有限公司,="2214740131874",xizhen供应商,美妆,fivemore,美妆,美妆工具,面部工具,手动剃须刀,1,2,0,1,0,0.00,0,0,0,0.00,0.00,0.00%,0.00%,11.65,0.00%,0.00%,0.00%,0.00,0.00%
宽头适用华为智选2s力博得智能电动牙刷刷头lebooo牙刷头替换1383,="12423266906",="747273011482",="store001",="10343504",(美妆)深圳希臻实业有限公司,="2214740131874",xizhen供应商,美妆,fivemore,美妆,美妆工具,面部工具,手动剃须刀,1,1,1,0,0,0.00,0,0,0,0.00,0.00,0.00%,0.00%,20.28,0.00%,0.00%,0.00%,0.00,0.00%
适配飞利浦儿童电动牙刷头hx6340/6322/20/52/50/6032/6042/1383,="12424107068",="750383700770",="store001",="10343504",(美妆)深圳希臻实业有限公司,="2214740131874",xizhen供应商,美妆,fivemore,美妆,美妆工具,面部工具,手动剃须刀,1,1,1,0,0,0.00,0,0,0,0.00,0.00,0.00%,0.00%,1.18,0.00%,0.00%,0.00%,0.00,0.00%
五更适配欧丽丝欧格森电动牙刷头G9/G10替换OGS9600/9601软毛1383,="12424873004",="754281398318",="store001",="10343504",(美妆)深圳希臻实业有限公司,="2214740131874",xizhen供应商,美妆,fivemore,美妆,美妆工具,面部工具,手动剃须刀,1,1,0,0,0,0.00,0,0,0,0.00,0.00,0.00%,0.00%,12.86,0.00%,0.00%,0.00%,0.00,0.00%
适配居骑士微光执迷电动牙刷头S1/S1pro/S3/S5替换成人Jokiss1383,="12424874154",="754281462215",="store001",="10343504",(美妆)深圳希臻实业有限公司,="2214740131874",xizhen供应商,美妆,fivemore,美妆,美妆工具,面部工具,手动剃须刀,1,1,1,0,0,0.00,0,0,0,0.00,0.00,0.00%,0.00%,3.84,0.00%,0.00%,0.00%,0.00,0.00%
五更适配usmile电动牙刷头替换Y10/Y1S/P10/u2s/P1/U3s通用1383,="12425154026",="755494151452",="store001",="10343504",(美妆)深圳希臻实业有限公司,="2214740131874",xizhen供应商,美妆,fivemore,美妆,美妆工具,面部工具,手动剃须刀,1,1,0,0,0,0.00,0,0,0,0.00,0.00,0.00%,0.00%,7.12,0.00%,0.00%,0.00%,0.00,0.00%
五更适配AUX奥克斯电动牙刷头ACE6310A1/A9通用声波软毛替换1383,="12427037760",="761729203015",="store001",="10343504",(美妆)深圳希臻实业有限公司,="2214740131874",xizhen供应商,美妆,fivemore,美妆,美妆工具,面部工具,手动剃须刀,1,1,0,0,0,0.00,0,0,0,0.00,0.00,0.00%,0.00%,7.28,0.00%,0.00%,0.00%,0.00,0.00%
五更适配seafar赛馥电动牙刷头H24/H19网易考拉工厂SG986替换1383,="12427037798",="761557472007",="store001",="10343504",(美妆)深圳希臻实业有限公司,="2214740131874",xizhen供应商,美妆,fivemore,美妆,美妆工具,面部工具,手动剃须刀,1,2,0,0,0,0.00,0,0,0,0.00,0.00,0.00%,0.00%,27.13,0.00%,0.00%,0.00%,0.00,0.00%
五更适配KMC电动牙刷头M8/M9/M10/M12声波自动成人通用替换头1383,="12427298729",="762085897503",="store001",="10343504",(美妆)深圳希臻实业有限公司,="2214740131874",xizhen供应商,美妆,fivemore,美妆,美妆工具,面部工具,手动剃须刀,1,1,0,0,0,0.00,0,0,0,0.00,0.00,0.00%,0.00%,0.52,0.00%,0.00%,0.00%,0.00,0.00%
五更适配韩国现代hyundai电动牙刷头X100/220/600/700/X9替换1383,="12427298874",="761980752022",="store001",="10343504",(美妆)深圳希臻实业有限公司,="2214740131874",xizhen供应商,美妆,fivemore,美妆,美妆工具,面部工具,手动剃须刀,5,12,4,1,0,0.00,0,0,0,0.00,0.00,0.00%,0.00%,11.35,80.00%,0.00%,0.00%,0.00,0.00%
五更适配网易严选日式和风电动牙刷头皓齿心选京东京造R3替换1383,="12427298904",="762116074566",="store001",="10343504",(美妆)深圳希臻实业有限公司,="2214740131874",xizhen供应商,美妆,fivemore,美妆,美妆工具,面部工具,手动剃须刀,1,1,1,0,0,0.00,0,0,0,0.00,0.00,0.00%,0.00%,34.99,0.00%,0.00%,0.00%,0.00,0.00%
适配KIWIBIRD奇异鸟电动牙刷头K3/K1/K5替换viomi云米vxys01/1383,="12428452969",="764608717629",="store001",="10343504",(美妆)深圳希臻实业有限公司,="2214740131874",xizhen供应商,美妆,fivemore,美妆,美妆工具,面部工具,手动剃须刀,2,2,1,0,0,0.00,0,0,0,0.00,0.00,0.00%,0.00%,5.51,50.00%,0.00%,0.00%,0.00,0.00%
适配飞利浦电动牙刷头替换HX2033HX2471/2451/2421小羽刷刷头1383,="12428453083",="764513968194",="store001",="10343504",(美妆)深圳希臻实业有限公司,="2214740131874",xizhen供应商,美妆,fivemore,美妆,美妆工具,面部工具,手动剃须刀,3,3,3,0,0,0.00,0,0,0,0.00,0.00,0.00%,0.00%,19.53,0.00%,0.00%,0.00%,0.00,0.00%
维卡蜜适配Brillante贝立安电动牙刷头BDY01S替换YS2201成人1383,="12428453161",="764647559471",="store001",="10343504",(美妆)深圳希臻实业有限公司,="2214740131874",xizhen供应商,美妆,fivemore,美妆,美妆工具,面部工具,手动剃须刀,1,17,0,0,0,0.00,0,0,0,0.00,0.00,0.00%,0.00%,6.52,0.00%,0.00%,0.00%,8.10,0.00%
适配冷酸灵贝乐乐儿童电动牙刷头小马宝莉紫悦变形金刚款替换1383,="12429347010",="768451998532",="store001",="10343504",(美妆)深圳希臻实业有限公司,="2214740131874",xizhen供应商,美妆,fivemore,美妆,美妆工具,面部工具,手动剃须刀,3,5,1,0,0,0.00,0,0,0,0.00,0.00,0.00%,0.00%,4.82,0.00%,0.00%,0.00%,0.00,0.00%
五更适配UYUN优蕴电动牙刷头U1/X1/HD220成人通用声波替换头1383,="12429347077",="768371360479",="store001",="10343504",(美妆)深圳希臻实业有限公司,="2214740131874",xizhen供应商,美妆,fivemore,美妆,美妆工具,面部工具,手动剃须刀,1,4,1,0,0,0.00,0,0,0,0.00,0.00,0.00%,0.00%,15.14,0.00%,0.00%,0.00%,0.00,0.00%
适配英国iSonic爱上电动牙刷头T3/T6/T3S/KT3/T5儿童S3S7替换1383,="12429347117",="768447317674",="store001",="10343504",(美妆)深圳希臻实业有限公司,="2214740131874",xizhen供应商,美妆,fivemore,美妆,美妆工具,面部工具,手动剃须刀,1,1,1,0,0,0.00,0,0,0,0.00,0.00,0.00%,0.00%,37.50,0.00%,0.00%,0.00%,0.00,0.00%
五更适配BAIR/拜尔电动牙刷头G201/X3/G系列替换通用齿道软毛1383,="12430450970",="777383323507",="store001",="10343504",(美妆)深圳希臻实业有限公司,="2214740131874",xizhen供应商,美妆,fivemore,美妆,美妆工具,面部工具,手动剃须刀,1,1,1,0,1,0.00,0,0,0,0.00,0.00,0.00%,0.00%,17.25,0.00%,0.00%,0.00%,0.00,0.00%
适配飞利浦电动牙刷头HX244B/HX2446海伦悠果UOOHA联名款刷头1383,="12430451000",="777400644468",="store001",="10343504",(美妆)深圳希臻实业有限公司,="2214740131874",xizhen供应商,美妆,fivemore,美妆,美妆工具,面部工具,手动剃须刀,1,1,1,0,0,0.00,0,0,0,0.00,0.00,0.00%,0.00%,14.82,0.00%,0.00%,0.00%,0.00,0.00%
适用飞利浦sonicare电动牙刷头hx6730/C1/C2/G2/G3/W2/W3替换1383,="12430451018",="777440593911",="store001",="10343504",(美妆)深圳希臻实业有限公司,="2214740131874",xizhen供应商,美妆,fivemore,美妆,美妆工具,面部工具,手动剃须刀,0,0,0,1,0,0.00,0,0,0,0.00,0.00,0.00%,0.00%,0.00,0.00%,0.00%,0.00%,0.00,0.00%
【苏宁正品】适配小米电动牙刷头T302专用MJIA米家T301替换头1383,="12430995387",="783159656342",="store001",="10343504",(美妆)深圳希臻实业有限公司,="2214740131874",xizhen供应商,美妆,fivemore,美妆,美妆工具,面部工具,手动剃须刀,1,1,0,0,0,0.00,0,0,0,0.00,0.00,0.00%,0.00%,2.02,0.00%,0.00%,0.00%,0.00,0.00%
适配AMIRO元气AFE002/Aolbea澳乐比/添优X1电动牙刷头替换头1383,="12430995418",="783178489254",="store001",="10343504",(美妆)深圳希臻实业有限公司,="2214740131874",xizhen供应商,美妆,fivemore,美妆,美妆工具,面部工具,手动剃须刀,1,1,1,0,0,0.00,0,0,0,0.00,0.00,0.00%,0.00%,30.13,0.00%,0.00%,0.00%,0.00,0.00%
适配ximalong西马龙儿童电动牙刷头T2可莱米CH100宝宝替换头1383,="12431154735",="784159503401",="store001",="10343504",(美妆)深圳希臻实业有限公司,="2214740131874",xizhen供应商,美妆,fivemore,美妆,美妆工具,面部工具,手动剃须刀,1,1,0,0,0,0.00,0,0,0,0.00,0.00,0.00%,0.00%,2.72,0.00%,0.00%,0.00%,0.00,0.00%
适配BOE京东方电动牙刷头成人儿童HB02N011W0替换Smile通用1383,="12431154779",="784244988897",="store001",="10343504",(美妆)深圳希臻实业有限公司,="2214740131874",xizhen供应商,美妆,fivemore,美妆,美妆工具,面部工具,手动剃须刀,1,1,1,0,0,0.00,0,0,0,0.00,0.00,0.00%,0.00%,50.20,0.00%,0.00%,0.00%,0.00,0.00%
适配LEBOOO力博得电动牙刷头华为优漾HiLink替换通用网易严选1383,="12431167340",="784267883130",="store001",="10343504",(美妆)深圳希臻实业有限公司,="2214740131874",xizhen供应商,美妆,fivemore,美妆,美妆工具,面部工具,手动剃须刀,6,8,3,0,0,0.00,0,0,0,0.00,0.00,0.00%,0.00%,52.60,83.33%,0.00%,0.00%,0.00,0.00%
【苏宁正品】适配小米米家T100声波电动牙刷头mes603替换专用1383,="12432582669",="795906941807",="store001",="10343504",(美妆)深圳希臻实业有限公司,="2214740131874",xizhen供应商,美妆,fivemore,美妆,美妆工具,面部工具,手动剃须刀,1,1,0,0,0,0.00,0,0,0,0.00,0.00,0.00%,0.00%,1.97,0.00%,0.00%,0.00%,0.00,0.00%
【苏宁正品】五更适配usmile笑容加电动牙刷头U4专用替换刷头1383,="12433727250",="895185217071",="store001",="10343504",(美妆)深圳希臻实业有限公司,="2214740131874",xizhen供应商,美妆,fivemore,美妆,美妆工具,面部工具,手动剃须刀,1,1,1,0,0,0.00,0,0,0,0.00,0.00,0.00%,0.00%,3.81,0.00%,0.00%,0.00%,0.00,0.00%
【苏宁正品】五更适配笑容加usmile声波电动牙刷头P2成人替换1383,="12433727250",="895185285003",="store001",="10343504",(美妆)深圳希臻实业有限公司,="2214740131874",xizhen供应商,美妆,fivemore,美妆,美妆工具,面部工具,手动剃须刀,2,2,2,0,0,0.00,0,0,0,0.00,0.00,0.00%,0.00%,11.70,0.00%,0.00%,0.00%,0.00,0.00%
【苏宁正品】五更适配笑容加usmile电动牙刷头U2S大理石替换1383,="12433727250",="895569276409",="store001",="10343504",(美妆)深圳希臻实业有限公司,="2214740131874",xizhen供应商,美妆,fivemore,美妆,美妆工具,面部工具,手动剃须刀,1,1,1,0,0,0.00,0,0,0,0.00,0.00,0.00%,0.00%,3.55,0.00%,0.00%,0.00%,0.00,0.00%
适配飞利浦HX682p电动牙刷头HX680p/680q/680c/681a/680j替换1383,="12433727250",="896447275635",="store001",="10343504",(美妆)深圳希臻实业有限公司,="2214740131874",xizhen供应商,美妆,fivemore,美妆,美妆工具,面部工具,手动剃须刀,1,1,0,0,0,0.00,0,0,0,0.00,0.00,0.00%,0.00%,4.42,0.00%,0.00%,0.00%,0.00,0.00%
适配飞利浦电动牙刷头替换头HX5171/HX5161/HX5181成人3系5系1383,="12433727250",="897156873095",="store001",="10343504",(美妆)深圳希臻实业有限公司,="2214740131874",xizhen供应商,美妆,fivemore,美妆,美妆工具,面部工具,手动剃须刀,1,1,1,0,0,0.00,0,0,0,0.00,0.00,0.00%,0.00%,50.41,0.00%,0.00%,0.00%,0.00,0.00%
【苏宁正品】适配小米扫振Pro电动牙刷头米家MES610缓震替换1383,="12433727250",="897639550375",="store001",="10343504",(美妆)深圳希臻实业有限公司,="2214740131874",xizhen供应商,美妆,fivemore,美妆,美妆工具,面部工具,手动剃须刀,2,2,2,0,0,0.00,0,0,0,0.00,0.00,0.00%,0.00%,7.17,0.00%,0.00%,0.00%,0.00,0.00%
适配飞利浦儿童电动牙刷头HX2472/2022泡泡刷2032/2432替换头1383,="12433727250",="902025262469",="store001",="10343504",(美妆)深圳希臻实业有限公司,="2214740131874",xizhen供应商,美妆,fivemore,美妆,美妆工具,面部工具,手动剃须刀,1,1,1,0,0,0.00,0,0,0,0.00,0.00,0.00%,0.00%,17.69,0.00%,0.00%,0.00%,0.00,0.00%
【苏宁正品】适配Wolonow沃乐电动牙刷头pro系列青春版替换头1383,="12433727250",="902491543370",="store001",="10343504",(美妆)深圳希臻实业有限公司,="2214740131874",xizhen供应商,美妆,fivemore,美妆,美妆工具,面部工具,手动剃须刀,2,4,2,1,0,0.00,0,0,0,0.00,0.00,0.00%,0.00%,17.00,0.00%,0.00%,0.00%,0.00,0.00%
五更适配Saky舒客舒克电动牙刷头V5替换刷头清洁软毛护龈刷头1383,="12433727250",="902893436048",="store001",="10343504",(美妆)深圳希臻实业有限公司,="2214740131874",xizhen供应商,美妆,fivemore,美妆,美妆工具,面部工具,手动剃须刀,2,3,1,2,0,0.00,0,0,0,0.00,0.00,0.00%,0.00%,12.03,0.00%,0.00%,0.00%,0.00,0.00%
适用贝亲Pigeon电动牙刷头KA84/KA85儿童86替换头软毛护龈1383,="12433727250",="903153602140",="store001",="10343504",(美妆)深圳希臻实业有限公司,="2214740131874",xizhen供应商,美妆,fivemore,美妆,美妆工具,面部工具,手动剃须刀,1,1,1,0,0,0.00,0,0,0,0.00,0.00,0.00%,0.00%,3.46,0.00%,0.00%,0.00%,0.00,0.00%
【苏宁严选】适配OralB欧乐B电动牙刷头全自动圆头Pro3替换头1383,="12433727250",="903244629339",="store001",="10343504",(美妆)深圳希臻实业有限公司,="2214740131874",xizhen供应商,美妆,fivemore,美妆,美妆工具,面部工具,手动剃须刀,2,7,2,1,0,0.00,0,0,0,0.00,0.00,0.00%,0.00%,14.94,50.00%,0.00%,0.00%,0.00,0.00%
五更适配Saky舒客N1电动牙刷头舒克牙刷头H1/P62替换头新老款1383,="12433727250",="903620573834",="store001",="10343504",(美妆)深圳希臻实业有限公司,="2214740131874",xizhen供应商,美妆,fivemore,美妆,美妆工具,面部工具,手动剃须刀,1,3,1,0,0,0.00,0,0,0,0.00,0.00,0.00%,0.00%,7.15,0.00%,0.00%,0.00%,0.00,0.00%
五更适配usmile笑容加儿童电动牙刷头q20/a10/q10q3s软毛替换1383,="12433727250",="904028028174",="store001",="10343504",(美妆)深圳希臻实业有限公司,="2214740131874",xizhen供应商,美妆,fivemore,美妆,美妆工具,面部工具,手动剃须刀,1,1,1,0,0,0.00,0,0,0,0.00,0.00,0.00%,0.00%,1.11,0.00%,0.00%,0.00%,0.00,0.00%
适配LION小狮王KODOMO儿童电动牙刷头替换小黄人312岁LK011383,="12433727250",="905049278642",="store001",="10343504",(美妆)深圳希臻实业有限公司,="2214740131874",xizhen供应商,美妆,fivemore,美妆,美妆工具,面部工具,手动剃须刀,2,2,1,0,0,0.00,0,0,0,0.00,0.00,0.00%,0.00%,1.52,50.00%,0.00%,0.00%,0.00,0.00%
适配荷兰imay电动牙刷头P8/P9/P10/P11/P15替换PCS成人牙刷头1383,="12433727250",="905526181971",="store001",="10343504",(美妆)深圳希臻实业有限公司,="2214740131874",xizhen供应商,美妆,fivemore,美妆,美妆工具,面部工具,手动剃须刀,1,1,1,0,0,0.00,0,0,0,0.00,0.00,0.00%,0.00%,13.21,0.00%,0.00%,0.00%,0.00,0.00%
适配KONKA康佳扫振电动牙刷头KDYS0326TH声波刷头替换软毛1383,="12433727250",="905526433718",="store001",="10343504",(美妆)深圳希臻实业有限公司,="2214740131874",xizhen供应商,美妆,fivemore,美妆,美妆工具,面部工具,手动剃须刀,1,1,0,0,0,0.00,0,0,0,0.00,0.00,0.00%,0.00%,71.13,0.00%,0.00%,0.00%,0.00,0.00%
适配舒客舒克宝贝B3电动牙刷头替换刷头三丽欧米奇米妮款适用1383,="12433727250",="907001703404",="store001",="10343504",(美妆)深圳希臻实业有限公司,="2214740131874",xizhen供应商,美妆,fivemore,美妆,美妆工具,面部工具,手动剃须刀,1,2,0,0,0,0.00,0,0,0,0.00,0.00,0.00%,0.00%,35.72,0.00%,0.00%,0.00%,0.00,0.00%
五更适配Sakypro舒客舒克电动牙刷头G5Pro牙刷替换刷头软毛/1383,="12433727250",="907001851155",="store001",="10343504",(美妆)深圳希臻实业有限公司,="2214740131874",xizhen供应商,美妆,fivemore,美妆,美妆工具,面部工具,手动剃须刀,1,3,1,0,0,0.00,0,0,0,0.00,0.00,0.00%,0.00%,3.87,0.00%,0.00%,0.00%,0.00,0.00%
适配飞利浦电动牙刷头hx3260a替换3210a/3220a/3230a/3240a/1383,="12433727250",="916578151157",="store001",="10343504",(美妆)深圳希臻实业有限公司,="2214740131874",xizhen供应商,美妆,fivemore,美妆,美妆工具,面部工具,手动剃须刀,1,1,1,0,0,0.00,0,0,0,0.00,0.00,0.00%,0.00%,27.47,0.00%,0.00%,0.00%,0.00,0.00%
适配飞利浦电动牙刷头C1/C2/G2/C3/hx6730/HX9362替换头3260/1383,="12433727250",="917881316190",="store001",="10343504",(美妆)深圳希臻实业有限公司,="2214740131874",xizhen供应商,美妆,fivemore,美妆,美妆工具,面部工具,手动剃须刀,1,1,1,0,0,0.00,0,0,0,0.00,0.00,0.00%,0.00%,2.78,0.00%,0.00%,0.00%,0.00,0.00%
